{"model":{"version":2,"nodes":[{"name":"RootNode","position":[0,0,0],"rotation":[0,0,0],"scale":[1,1,1]},{"name":"Object013","position":[0,0,0],"rotation":[-90,-0,0],"scale":[0.01,0.01,0.01]}],"parents":[-1,0],"skins":[],"vertices":[{"position":{"type":"float32","components":3,"data":[0.744141,-1.784,1.15582,1.53528,-1.17191,1.15582,-1.17288,-1.53641,1.15581,-0.247528,-1.91702,1.15582,1.91855,-0.232788,1.15582,-1.78394,-0.74411,1.15581,1.784,0.74411,1.1558,-1.91849,0.232788,1.15582,1.17291,1.53644,1.1558,-1.53522,1.17191,1.15581,0.247589,1.91702,1.15581,-0.74408,1.78397,1.15581,-1.37616,-5.13602,1.27926,-2.65857,-4.60483,1.27926,-2.78168,-4.81805,-1.03303,-1.43988,-5.37384,-1.03304,2.65863,-4.60483,1.27926,1.37622,-5.13602,1.27926,1.43994,-5.37384,-1.03303,2.78174,-4.81805,-1.03303,-3.7598,-3.75983,1.27926,-3.9339,-3.93393,-1.03303,3.75986,-3.75983,1.27926,3.93396,-3.93393,-1.03303,-4.6048,-2.6586,1.27926,-4.81802,-2.78171,-1.03303,4.60486,-2.6586,1.27926,4.81808,-2.78171,-1.03302,-5.13599,-1.37619,1.27926,-5.37381,-1.43991,-1.03304,5.13605,-1.37619,1.27926,5.37387,-1.43991,-1.03303,-5.31717,0,1.27926,-5.56339,0,-1.03303,5.31723,0,1.27926,5.56345,0,-1.03303,-5.13599,1.37619,1.27926,-5.37381,1.43991,-1.03304,5.13605,1.37619,1.27926,5.37387,1.43991,-1.03303,-4.6048,2.6586,1.27926,-4.81802,2.78171,-1.03303,4.60486,2.6586,1.27926,4.81808,2.78171,-1.03302,-3.7598,3.75983,1.27926,-3.9339,3.93393,-1.03303,3.75986,3.75983,1.27926,3.93396,3.93393,-1.03303,-2.65857,4.60483,1.27926,-2.78168,4.81805,-1.03303,2.65863,4.60483,1.27926,2.78174,4.81805,-1.03303,-1.37616,5.13602,1.27926,-1.43988,5.37384,-1.03304,1.37622,5.13602,1.27926,1.43994,5.37384,-1.03303,3.05176e-05,5.3172,1.27926,3.05176e-05,5.56342,-1.03303,3.05176e-05,-5.3172,1.27926,3.05176e-05,-5.56342,-1.03303,-2.52063,-4.36591,1.46435,-1.30475,-4.86954,1.46435,-1.13553,-4.23795,1.34638,-2.19366,-3.79962,1.34638,3.05176e-05,-5.04132,1.46435,3.05176e-05,-4.38742,1.34637,1.30481,-4.86954,1.46435,1.13556,-4.23795,1.34639,2.52069,-4.36591,1.46435,2.19373,-3.79962,1.34638,3.56479,-3.56476,1.46435,3.10242,-3.10239,1.34639,4.36597,-2.52066,1.46434,3.79965,-2.19373,1.34638,4.86957,-1.30481,1.46435,4.23798,-1.13556,1.34638,5.04135,0,1.46436,4.38745,0,1.34638,4.86957,1.30478,1.46435,4.23798,1.13556,1.34638,4.36597,2.52066,1.46434,3.79965,2.19373,1.34638,3.56479,3.56476,1.46435,3.10242,3.10239,1.34639,2.52069,4.36591,1.46435,2.19373,3.79962,1.34638,1.30481,4.86954,1.46435,1.13556,4.23795,1.34639,3.05176e-05,5.04132,1.46435,6.10352e-05,4.38742,1.34638,-1.30475,4.86954,1.46435,-1.13553,4.23795,1.34638,-2.52063,4.36591,1.46435,-2.19366,3.79962,1.34638,-3.56473,3.56476,1.46435,-3.10236,3.10239,1.34637,-4.36588,2.52066,1.46435,-3.79962,2.19373,1.34639,-4.86951,1.30478,1.46435,-4.23792,1.13556,1.34639,-5.04129,0,1.46434,-4.38739,0,1.34639,-4.86951,-1.30478,1.46435,-4.23792,-1.13556,1.34639,-4.36588,-2.52066,1.46434,-3.79962,-2.19373,1.34639,-3.56473,-3.56476,1.46435,-3.10236,-3.10239,1.34637]},"normal":{"type":"float32","components":3,"data":[-0.0209886,0.0508583,0.998485,-0.0333786,0.0255331,0.999117,0.0288532,0.037448,0.998882,0.00868088,0.0649228,0.997853,-0.0373391,0.00496904,0.99929,0.0361223,0.0149764,0.999235,-0.0361218,-0.0149727,0.999235,0.0373418,-0.00496267,0.99929,-0.028854,-0.03745,0.998882,0.0333812,-0.0255293,0.999117,-0.00867899,-0.0649278,0.997852,0.0209888,-0.0508613,0.998485,-0.254603,-0.947137,0.195213,-0.491063,-0.848969,0.195214,-0.498054,-0.860658,0.105882,-0.258333,-0.960236,0.105881,0.489695,-0.849759,0.195213,0.253078,-0.947546,0.195213,0.256398,-0.960755,0.105881,0.496319,-0.861659,0.105883,-0.694062,-0.692943,0.195211,-0.70384,-0.702422,0.105883,0.692944,-0.694062,0.19521,0.702422,-0.703841,0.105883,-0.849759,-0.489695,0.195214,-0.86166,-0.496318,0.105883,0.84897,-0.491064,0.195207,0.860657,-0.498054,0.105882,-0.947546,-0.253078,0.195213,-0.960755,-0.256398,0.105881,0.947138,-0.254603,0.19521,0.960236,-0.258333,0.105882,-0.980761,0.000790438,0.195213,-0.994378,0.00100237,0.105882,0.980761,-0.000790601,0.195213,0.994378,-0.00100243,0.105882,-0.947137,0.254603,0.195213,-0.960236,0.258333,0.105881,0.947546,0.253078,0.195213,0.960755,0.256397,0.105882,-0.848969,0.491063,0.195214,-0.860658,0.498054,0.105882,0.849761,0.489695,0.195206,0.861659,0.496319,0.105883,-0.692944,0.694062,0.19521,-0.702422,0.70384,0.105883,0.694062,0.692944,0.195211,0.70384,0.702423,0.105883,-0.489695,0.849759,0.195213,-0.496318,0.86166,0.105883,0.491063,0.848969,0.195214,0.498054,0.860657,0.105882,-0.253078,0.947546,0.195213,-0.256398,0.960755,0.105881,0.254604,0.947137,0.195213,0.258333,0.960236,0.105882,0.000790411,0.980761,0.195213,0.00100188,0.994378,0.105882,-0.000790632,-0.980761,0.195212,-0.00100293,-0.994378,0.105882,-0.0548425,-0.0977614,0.993698,-0.027673,-0.108625,0.993698,0.0272247,0.0983527,0.994779,0.0510865,0.0887369,0.994744,0.00138235,-0.112083,0.993698,-0.000126233,0.102392,0.994744,0.0303483,-0.107915,0.993697,-0.025605,0.0987882,0.994779,0.0572401,-0.0963771,0.993698,-0.0513012,0.0885899,0.994746,0.0802418,-0.0782832,0.993697,-0.0715318,0.0727178,0.994784,0.0977646,-0.0548436,0.993697,-0.0886473,0.0510093,0.994756,0.108623,-0.0276776,0.993698,-0.0982664,0.0272276,0.994788,0.112088,0.00138258,0.993697,-0.102431,-0.000103153,0.99474,0.107907,0.0303493,0.993698,-0.0987921,-0.0256026,0.994779,0.0963811,0.0572427,0.993697,-0.0886117,-0.0513051,0.994744,0.0782845,0.0802384,0.993697,-0.0727532,-0.0715692,0.994779,0.0548437,0.0977604,0.993698,-0.0510893,-0.0887387,0.994744,0.0276745,0.108634,0.993697,-0.0272227,-0.0983554,0.994779,-0.00138408,0.112086,0.993698,0.000120363,-0.102393,0.994744,-0.0303463,0.107911,0.993697,0.0256026,-0.0987893,0.994779,-0.0572407,0.0963736,0.993698,0.051299,-0.0885923,0.994746,-0.080233,0.0782791,0.993698,0.0715354,-0.0727175,0.994784,-0.0977701,0.0548492,0.993696,0.0886569,-0.0510037,0.994756,-0.108634,0.0276757,0.993697,0.0982669,-0.0272279,0.994788,-0.112092,-0.00138654,0.993697,0.102424,0.000102524,0.994741,-0.107918,-0.0303474,0.993696,0.0987882,0.0256016,0.994779,-0.0963799,-0.0572467,0.993697,0.0886137,0.0512965,0.994744,-0.0782795,-0.0802289,0.993698,0.0727524,0.0715657,0.994779]},"texCoord0":{"type":"float32","components":2,