{"model":{"version":2,"nodes":[{"name":"RootNode","position":[0,0,0],"rotation":[0,0,0],"scale":[1,1,1]},{"name":"Object012","position":[-0.0781274,2.5697,-0.108714],"rotation":[-90,-0,0],"scale":[0.01,0.01,0.01]}],"parents":[-1,0],"skins":[],"vertices":[{"position":{"type":"float32","components":3,"data":[378.202,-97.8108,235.43,-21.4385,-97.8108,104.334,-21.4389,-97.8108,235.43,378.202,-97.8108,104.335]},"normal":{"type":"float32","components":3,"data":[0,1,0,0,1,0,0,1,0,0,1,0]},"texCoord0":{"type":"float32","components":2,"data":[0.64622,0.868381,0.641865,0.874783,0.960346,0.857693,0.940533,0.263889]}}],"meshes":[{"aabb":{"min":[-21.4389,-97.8108,104.334],"max":[378.202,-97.8108,235.43]},"vertices":0,"indices":[0,1,2,1,0,3],"type":"triangles","base":0,"count":6}],"meshInstances":[{"node":1,"mesh":0}]}}