{"model":{"version":3,"nodes":[{"name":"RootNode","position":[0,0,0],"rotation":[0,0,0],"scale":[0.01,0.01,0.01],"scaleCompensation":false},{"name":"Sky","position":[-4566.62,-2932.17,-6416.31],"rotation":[-90,0,0],"scale":[39971.5,39971.5,39971.5],"scaleCompensation":false}],"parents":[-1,0],"skins":[],"morphs":[],"vertices":[{"position":{"type":"float32","components":3,"data":[0.0487935,1.15614,0.679548,0.0487935,1.15614,-0.0933574,0.431477,1.08002,0.679548,0.431477,1.08002,-0.0933574,0.431477,1.08002,0.679548,0.431477,1.08002,-0.0933574,0.7559,0.863246,0.679548,0.7559,0.863246,-0.0933574,0.7559,0.863246,0.679548,0.7559,0.863246,-0.0933574,0.972673,0.538823,0.679548,0.972673,0.538823,-0.0933574,0.972673,0.538823,0.679548,0.972673,0.538823,-0.0933574,1.04879,0.156139,0.679548,1.04879,0.156139,-0.0933574,1.04879,0.156139,0.679548,1.04879,0.156139,-0.0933574,0.972673,-0.226544,0.679548,0.972673,-0.226544,-0.0933574,0.972673,-0.226544,0.679548,0.972673,-0.226544,-0.0933574,0.7559,-0.550967,0.679548,0.7559,-0.550967,-0.0933574,0.7559,-0.550967,0.679548,0.7559,-0.550967,-0.0933574,0.431477,-0.76774,0.679548,0.431477,-0.76774,-0.0933574,0.431477,-0.76774,0.679548,0.431477,-0.76774,-0.0933574,0.0487936,-0.843861,0.679548,0.0487936,-0.843861,-0.0933574,0.0487936,-0.843861,0.679548,0.0487936,-0.843861,-0.0933574,-0.33389,-0.76774,0.679548,-0.33389,-0.76774,-0.0933574,-0.33389,1.08002,0.679548,-0.33389,1.08002,-0.0933574,0.0487935,1.15614,0.679548,0.0487935,1.15614,-0.0933574]},"normal":{"type":"float32","components":3,"data":[-0.19509,-0.980785,0,-0.19509,-0.980785,0,-0.19509,-0.980785,0,-0.19509,-0.980785,0,-0.55557,-0.83147,0,-0.55557,-0.83147,0,-0.55557,-0.83147,0,-0.55557,-0.83147,0,-0.83147,-0.55557,0,-0.83147,-0.55557,0,-0.83147,-0.55557,0,-0.83147,-0.55557,0,-0.980785,-0.195091,0,-0.980785,-0.195091,0,-0.980785,-0.195091,0,-0.980785,-0.195091,0,-0.980785,0.19509,0,-0.980785,0.19509,0,-0.980785,0.19509,0,-0.980785,0.19509,0,-0.831469,0.55557,0,-0.831469,0.55557,0,-0.831469,0.55557,0,-0.831469,0.55557,0,-0.55557,0.83147,0,-0.55557,0.83147,0,-0.55557,0.83147,0,-0.55557,0.83147,0,-0.19509,0.980785,0,-0.19509,0.980785,0,-0.19509,0.980785,0,-0.19509,0.980785,0,0.19509,0.980785,0,0.19509,0.980785,0,0.19509,0.980785,0,0.19509,0.980785,0,0.19509,-0.980785,0,0.19509,-0.980785,0,0.19509,-0.980785,0,0.19509,-0.980785,0]},"texCoord0":{"type":"float32","components":2,"data":[0.106346,0.741775,0.106346,0.345396,0.204977,0.741774,0.204976,0.345396,0.204977,0.741774,0.204976,0.345396,0.303607,0.741774,0.303607,0.345396,0.303607,0.741774,0.303607,0.345396,0.402237,0.741774,0.402237,0.345395,0.402237,0.741774,0.402237,0.345395,0.500867,0.741774,0.500867,0.345396,0.500867,0.741774,0.500867,0.345396,0.599497,0.741774,0.599497,0.345396,0.599497,0.741774,0.599497,0.345396,0.698127,0.741775,0.698127,0.345396,0.698127,0.741775,0.698127,0.345396,0.796757,0.741775,0.796757,0.345396,0.796757,0.741775,0.796757,0.345396,0.895387,0.741775,0.895387,0.345396,0.895387,0.741775,0.895387,0.345396,0.994017,0.741775,0.994017,0.345396,0.00771656,0.741775,0.0077165,0.345396,0.106346,0.741775,0.106346,0.345396]}}],"meshes":[{"aabb":{"min":[-0.33389,-0.843861,-0.0933574],"max":[1.04879,1.15614,0.679548]},"vertices":0,"indices":[0,1,2,2,1,3,4,5,6,6,5,7,8,9,10,10,9,11,12,13,14,14,13,15,16,17,18,18,17,19,20,21,22,22,21,23,24,25,26,26,25,27,28,29,30,30,29,31,32,33,34,34,33,35,36,37,38,38,37,39],"type":"triangles","base":0,"count":60}],"meshInstances":[{"node":1,"mesh":0}]}}