{"model":{"version":2,"nodes":[{"name":"RootNode","position":[0,0,0],"rotation":[0,0,0],"scale":[1,1,1]},{"name":"Cylinder004","position":[0,0,0],"rotation":[-90,-0,0],"scale":[0.01,0.01,0.01]}],"parents":[-1,0],"skins":[],"vertices":[{"position":{"type":"float32","components":3,"data":[50,0,30,50,0,0,48.2963,12.941,30,48.2963,12.941,0,43.3013,25,30,43.3013,25,0,35.3553,35.3553,30,35.3553,35.3553,0,25,43.3013,30,25,43.3013,0,12.941,48.2963,30,12.941,48.2963,0,3.7749e-06,50,30,3.7749e-06,50,0,-12.9409,48.2963,30,-12.9409,48.2963,0,-12.9409,48.2963,30,-12.9409,48.2963,0,-25,43.3013,30,-25,43.3013,0,-35.3553,35.3553,30,-35.3553,35.3553,0,-43.3013,25,30,-43.3013,25,0,-48.2963,12.941,30,-48.2963,12.941,0,-50,1.94707e-05,30,-50,1.94707e-05,0,-48.2963,-12.9409,30,-48.2963,-12.9409,0,-43.3013,-25,30,-43.3013,-25,0,-35.3554,-35.3553,30,-35.3554,-35.3553,0,-25,-43.3013,30,-25,-43.3013,0,-12.941,-48.2963,30,-12.941,-48.2963,0,-2.32456e-05,-50,30,-2.32456e-05,-50,0,12.9409,-48.2963,30,12.9409,-48.2963,0,25,-43.3013,30,25,-43.3013,0,35.3553,-35.3554,30,35.3553,-35.3554,0,43.3013,-25,30,43.3013,-25,0,48.2963,-12.941,30,48.2963,-12.941,0]},"normal":{"type":"float32","components":3,"data":[1,-2.63126e-07,0,1,-2.63126e-07,0,0.965926,0.258819,0,0.965926,0.258819,0,0.866025,0.5,0,0.866025,0.5,0,0.707107,0.707107,0,0.707107,0.707107,0,0.5,0.866025,0,0.5,0.866025,0,0.258819,0.965926,0,0.258819,0.965926,0,1.48308e-07,1,0,1.48308e-07,1,0,-0.258819,0.965926,0,-0.258819,0.965926,0,-0.258819,0.965926,0,-0.258819,0.965926,0,-0.5,0.866025,0,-0.5,0.866025,0,-0.707107,0.707107,0,-0.707107,0.707107,0,-0.866025,0.5,0,-0.866025,0.5,0,-0.965926,0.258819,0,-0.965926,0.258819,0,-1,3.01399e-07,0,-1,3.01399e-07,0,-0.965926,-0.258819,0,-0.965926,-0.258819,0,-0.866026,-0.5,0,-0.866026,-0.5,0,-0.707107,-0.707106,0,-0.707107,-0.707106,0,-0.5,-0.866025,0,-0.5,-0.866025,0,-0.258819,-0.965926,0,-0.258819,-0.965926,0,-4.44923e-07,-1,0,-4.44923e-07,-1,0,0.258819,-0.965926,0,0.258819,-0.965926,0,0.499999,-0.866026,0,0.499999,-0.866026,0,0.707106,-0.707107,0,0.707106,-0.707107,0,0.866025,-0.5,0,0.866025,-0.5,0,0.965926,-0.258819,0,0.965926,-0.258819,0]},"color":{"type":"uint8","components":4,"data":[0,0,0,255,255,255,255,255,0,0,0,255,255,255,255,255,0,0,0,255,255,255,255,255,0,0,0,255,255,255,255,255,0,0,0,255,255,255,255,255,0,0,0,255,255,255,255,255,0,0,0,255,255,255,255,255,0,0,0,255,255,255,255,255,0,0,0,255,255,255,255,255,0,0,0,255,255,255,255,255,0,0,0,255,255,255,255,255,0,0,0,255,255,255,255,255,0,0,0,255,255,255,255,255,0,0,0,255,255,255,255,255,0,0,0,255,255,255,255,255,0,0,0,255,255,255,255,255,0,0,0,255,255,255,255,255,0,0,0,255,255,255,255,255,0,0,0,255,255,255,255,255,0,0,0,255,255,255,255,255,0,0,0,255,255,255,255,255,0,0,0,255,255,255,255,255,0,0,0,255,255,255,255,255,0,0,0,255,255,255,255,255,0,0,0,255,255,255,255,255]},"texCoord0":{"type":"float32","components":2,"data":[0.75,1,0.75,0,0.791667,1,0.791667,0,0.833333,1,0.833333,0,0.875,1,0.875,0,0.916667,1,0.916667,0,0.958333,1,0.958333,0,1,1,1,0,1.04167,1,1.04167,0,0.0416667,1,0.0416667,0,0.0833333,1,0.0833333,0,0.125,1,0.125,0,0.166667,1,0.166667,0,0.208333,1,0.208333,0,0.25,1,0.25,0,0.291667,1,0.291667,0,0.333333,1,0.333333,0,0.375,1,0.375,0,0.416667,1,0.416667,0,0.458333,1,0.458333,0,0.5,1,0.5,0,0.541667,1,0.541667,0,0.583333,1,0.583333,0,0.625,1,0.625,0,0.666667,1,0.666667,0,0.708333,1,0.708333,0]}}],"meshes":[{"aabb":{"min":[-50,-50,0],"max":[50,50,30]},"vertices":0,"indices":[0,1,2,2,1,3,2,3,4,4,3,5,4,5,6,6,5,7,6,7,8,8,7,9,8,9,10,10,9,11,10,11,12,12,11,13,12,13,14,14,13,15,16,17,18,18,17,19,18,19,20,20,19,21,20,21,22,22,21,23,22,23,24,24,23,25,24,25,26,26,25,27,26,27,28,28,27,29,28,29,30,30,29,31,30,31,32,32,31,33,32,33,34,34,33,35,34,35,36,36,35,37,36,37,38,38,37,39,38,39,40,40,39,41,40,41,42,42,41,43,42,43,44,44,43,45,44,45,46,46,45,47,46,47,48,48,47,49,48,49,0,0,49,1],"type":"triangles","base":0,"count":144}],"meshInstances":[{"node":1,"mesh":0}]}}